-- --------------------------------------------------------
-- Host:                         127.0.0.1
-- Versión del servidor:         8.0.30 - MySQL Community Server - GPL
-- SO del servidor:              Win64
-- HeidiSQL Versión:             12.1.0.6537
-- --------------------------------------------------------

/*!40101 SET @OLD_CHARACTER_SET_CLIENT=@@CHARACTER_SET_CLIENT */;
/*!40101 SET NAMES utf8 */;
/*!50503 SET NAMES utf8mb4 */;
/*!40103 SET @OLD_TIME_ZONE=@@TIME_ZONE */;
/*!40103 SET TIME_ZONE='+00:00' */;
/*!40014 SET @OLD_FOREIGN_KEY_CHECKS=@@FOREIGN_KEY_CHECKS, FOREIGN_KEY_CHECKS=0 */;
/*!40101 SET @OLD_SQL_MODE=@@SQL_MODE, SQL_MODE='NO_AUTO_VALUE_ON_ZERO' */;
/*!40111 SET @OLD_SQL_NOTES=@@SQL_NOTES, SQL_NOTES=0 */;

-- Volcando datos para la tabla sigma.modulo: ~8 rows (aproximadamente)
REPLACE INTO `modulo` (`idmodulo`, `titulo`, `descripcion`, `status`) VALUES
	(1, 'Administrador', 'Administrador', 1),
	(2, 'Inicio', 'Inicio', 1),
	(3, 'Usuario', 'Descripción Programas', 1),
	(4, 'Programas', 'Descripción Programa', 1),
	(5, 'Fichas', 'Descripción Fichas', 1),
	(6, 'Competencias', 'Descripción Competencias', 1),
	(7, 'Asignaciones ', 'Descripción Asignaciones', 1),
	(8, 'Reportes', 'Descripción resportes', 1);

-- Volcando datos para la tabla sigma.permisos: ~38 rows (aproximadamente)
REPLACE INTO `permisos` (`idpermiso`, `rolid`, `moduloid`, `r`, `w`, `u`, `d`) VALUES
	(49, 1, 1, 1, 1, 1, 1),
	(50, 1, 2, 1, 1, 1, 1),
	(51, 1, 3, 1, 1, 1, 1),
	(52, 1, 4, 1, 1, 1, 1),
	(53, 1, 5, 1, 1, 1, 1),
	(54, 1, 6, 1, 1, 1, 1),
	(530, 2, 1, 1, 1, 1, 1),
	(531, 2, 2, 1, 1, 1, 1),
	(532, 2, 3, 1, 1, 1, 1),
	(533, 2, 4, 1, 1, 1, 1),
	(534, 2, 5, 1, 1, 1, 1),
	(535, 2, 6, 1, 1, 1, 1),
	(536, 2, 7, 1, 1, 1, 1),
	(537, 2, 8, 0, 0, 0, 0),
	(538, 1, 7, 1, 1, 1, 1),
	(539, 1, 8, 1, 1, 1, 1),
	(540, 1, 7, 1, 1, 1, 1),
	(541, 1, 8, 1, 1, 1, 1),
	(542, 1, 7, 1, 1, 1, 1),
	(543, 1, 8, 1, 1, 1, 1),
	(544, 1, 7, 1, 1, 1, 1),
	(545, 1, 8, 1, 1, 1, 1),
	(602, 5, 1, 1, 1, 1, 1),
	(603, 5, 2, 1, 1, 1, 1),
	(604, 5, 3, 1, 1, 1, 1),
	(605, 5, 4, 1, 1, 1, 1),
	(606, 5, 5, 1, 1, 1, 1),
	(607, 5, 6, 1, 1, 1, 1),
	(608, 5, 7, 1, 1, 1, 1),
	(609, 5, 8, 1, 1, 1, 1),
	(666, 4, 1, 0, 0, 0, 0),
	(667, 4, 2, 1, 1, 1, 1),
	(668, 4, 3, 1, 1, 0, 0),
	(669, 4, 4, 1, 1, 1, 1),
	(670, 4, 5, 1, 0, 1, 1),
	(671, 4, 6, 1, 1, 1, 1),
	(672, 4, 7, 1, 1, 1, 1),
	(673, 4, 8, 1, 1, 1, 1);

-- Volcando datos para la tabla sigma.rol: ~4 rows (aproximadamente)
REPLACE INTO `rol` (`idrol`, `nombrerol`, `descripcion`, `status`) VALUES
	(1, 'Administrador', 'Acceso a todo el sistema', 1),
	(2, 'Coordinador', 'Descripción Coordinador', 1),
	(4, 'Instructor', 'Descripción Instructor', 1),
	(5, 'Aprendiz', 'Aprendiz', 1);

-- Volcando datos para la tabla sigma.tbl_competencias: ~0 rows (aproximadamente)
REPLACE INTO `tbl_competencias` (`idecompetencia`, `codigocompetencia`, `tipocompetencia`, `nombrecompetencia`, `horascompetencia`, `fichaide`, `programacodigo`, `status`) VALUES
	(49, 123, 'Complementario', 'prueba03', 45, 46, 22, 1),
	(50, 444555, 'Tecnico', 'etica', 100, 47, 123333, 1);

-- Volcando datos para la tabla sigma.tbl_detalle_competencias: ~0 rows (aproximadamente)

-- Volcando datos para la tabla sigma.tbl_detalle_fichas: ~4 rows (aproximadamente)
REPLACE INTO `tbl_detalle_fichas` (`idedetalleficha`, `programaficha`, `ideinstructor`, `idecompetencia`, `horasrealizadas`, `mes`, `status`, `created_at`, `updated_at`, `totalhoras`) VALUES
	(42, '123456', '30', '123', 1, 'Enero', 1, '2025-10-23 21:56:58', '2025-10-23 21:56:58', 44),
	(43, '123456', '30', '123', 25, 'Febrero', 1, '2025-10-23 21:57:16', '2025-10-23 21:57:16', 19),
	(44, '123456', '30', '123', 12, 'Febrero', 1, '2025-12-15 04:16:56', '2025-12-15 04:16:56', 7),
	(45, '111222', '30', '444555', 1, 'Agosto', 1, '2025-12-15 04:22:11', '2025-12-15 04:22:11', 99);

-- Volcando datos para la tabla sigma.tbl_detalle_temp_competencias: ~0 rows (aproximadamente)

-- Volcando datos para la tabla sigma.tbl_fichas: ~0 rows (aproximadamente)
REPLACE INTO `tbl_fichas` (`ideficha`, `numeroficha`, `usuarioide`, `programaide`, `status`) VALUES
	(46, 123456, 30, 21, 1),
	(47, 111222, 30, 22, 1),
	(48, 1212122, 30, 22, 1);

-- Volcando datos para la tabla sigma.tbl_programas: ~0 rows (aproximadamente)
REPLACE INTO `tbl_programas` (`ideprograma`, `codigoprograma`, `nivelprograma`, `nombreprograma`, `horasprograma`, `status`) VALUES
	(21, 12345, 'Complementario', 'prueba 02', 100, 1),
	(22, 123333, 'Tecnico', 'SISTEMAS', 200, 1);

-- Volcando datos para la tabla sigma.tbl_usuarios: ~2 rows (aproximadamente)
REPLACE INTO `tbl_usuarios` (`ideusuario`, `identificacion`, `nombres`, `apellidos`, `celular`, `correo`, `password`, `imgperfil`, `rolid`, `status`) VALUES
	(18, 1007113698, 'alejandro', 'bedoya', '1312312312', 'alejandro@gmail.com', '12345678', 'data:image/avif;base64,AAAAHGZ0eXBhdmlmAAAAAGF2aWZtaWYxbWlhZgAAAOptZXRhAAAAAAAAACFoZGxyAAAAAAAAAABwaWN0AAAAAAAAAAAAAAAAAAAAAA5waXRtAAAAAAABAAAAImlsb2MAAAAAREAAAQABAAAAAAEOAAEAAAAAAAARBQAAACNpaW5mAAAAAAABAAAAFWluZmUCAAAAAAEAAGF2MDEAAAAAamlwcnAAAABLaXBjbwAAABNjb2xybmNseAABAA0ABoAAAAAMYXYxQ4EEDAAAAAAUaXNwZQAAAAAAAAIlAAACcgAAABBwaXhpAAAAAAMICAgAAAAXaXBtYQAAAAAAAAABAAEEAYIDBAAAEQ1tZGF0EgAKChkmYknHggIaDQgy9CERQAEEEEFA9LrNyy9Il6LMWWcCoG7e3fR+OBD7IVY/vpOQNxqyErJpppwIFUF/NwnJEnovCcgVZ/9qt8hIUkYaJ/hqYZ/oXv085hLNqWsnZFRGwn42yx3YkuFgkaaCjrPM93gv0hE0TWm8knoaXL1os0T1UJOgAHXB9z94Nt3+pTPTMUNFXvtw6Z1tv7pSkX7DSKDDB2pRK4Tgt/T1s7hP22uumU2wXe7QBSxm+n2eatYRTVC+a/gYZDPLQRA1GH0x699oWQGAs9dRDQvGRGOrGxXjBZLcecLH+jybB0Ytc2WC8M3pdLjzD178CfTjAyoRLsTb3e7a7biBS74+OCdmvgxPSPhSscLb2ONkYfdJ3NPTKCsRmxZZef5sGa5eW+8SnKJRlT1KZws180S2mzFKKQ2JHu9xthz9tCycQN/NBBKMFdurz39BmKsiuOj3VTgx2gY9kqA6k1TEkZnSGC6lWRYSVZwOTXI1ZNZcqDrkGn62hWY61yYef6jKSh+xh9C0lwytQAdaWbrB5waz8oPAJWthCtOXRdR2k8GJ3aO3W1MjalDbpb3vAlmekbr48OzM6j47ZSWQdjFe6JI6JebQJjq8MYu97OwVc1dsuZ8m/jhcWokeny1oEFiExsAX7k8i3l34+24e3lT6X2MSycz6CZEO24W2mpAjLdAWjPQOzNGCaM156z3xyiEmr8UcSGOlGwDTW3wnYe9o2HAmvm9boHQfVrSarm9RPuU/t3ual2eQEhvtBfNagAFaUXRaI4QNjtjTD7UHgPyv6g0/k73fuadufe2cb5D8FGLV/Qni55rB7be3V2L3KJJ0I2xSIeXgXPyY7swNbalvV/EaISYpqsvQxAeUTI0o9Gv7AKFIId/79QSpS7C21ocaoBwmYF4VVV95quQlBAYTrBwFlf5ABpQE5hMqyGLsETcBxLArepv2YWDlDgoH3EYU3N67nltR+JWEuml+OHLwhDZB2/yDY7ICq1eDckUXky3gULtX1RHUXuL6GjVvKmpTLLBgHq7HJBGrqnDEcJSPeQbXmIhTuNStCuG1FJDaZc0oOmKZW6hziRHIL88MPBopbWpZ5tl3Wzh6IEI7gqQxblXWkOlVNAF5IP1l04agJkHLCjaeR3frQtN7xwOAQuMcNGJd/4c4a4fRgNu/g/vep9wW1XNCxLv5bsAJ4gbK8+kF+iZ+0n/ZZhPushrMsBYFtNBeSJ1VHwns8DEa+Dfdtu/6q+jFhNDzJT4k0Bo79RpVj+y7uWtgBdVU5rZL5hQ4kS951X72x5k+6lGbBd31POZJaNhfQBj+cKqRt994Dg2s/1Y4JmqGWRB/K44vpaMwaIxZs3mnCwia1KtoxflIw0StKEdpvt0AD2F8K3Ce55uCSKDGxN8P4m5WCVamdJu/HZUdiWtGQufZ08HLPlowhZhIggUE4Nst+3k9FxBVT1rXwXwPRngon73UQzBLnF7ipTuvku/6HJm5+G1SfmA7Y/y7kfk8jCZvFAWr0P4Iu218h1fK1ncT3YRrYjbjgZRJfDXwpcKQ8oiaohatIUepe16Fp4Dz+XqrcXtVdemRkT6708hlNcf4LdiSYTTFL4cOlgslMkdoMyC11e3VH3Z4jlNKonzhuOgMDG/0DsgOuhDjtG/13pbfjUOHmDuf3rxO0mfDSO10jJjC99xM61XD6d+l1SX0nyXOwb4/2kyrfOThc3kRYlAjaHvj3AFG/YJP8n+FpSykZk2RbhnO1v+8J4yQPQPjpr9W9OJu8Mco4v2Th80XyKhwEUEDtcJXd5N4JPfCQr7pYqIE5tb7aeSJqmUGZXvCf0YCex10lKx0Za86E6cwxanZaAsKTJSUDH2m2BAG5HwIQcO/A3DHqhRZk4SP/IMVP5A7scUoQj7FpBFFnGQ3b40avYWymEmO/wZbcbALZb/A7L/nkXEKg9vLjdUv1k8O+Ve28jHT1mvzN7Y5n379V8hphJd2ZFO87XT6qgthDRP/+gg/WfG2onsLyTPd2HKU/4jw0DkLfDDjqaLPtC3y5bGOaNda5z/9VX7Pl5C4Or3AtlW9bzsh/Izd13SjIeubUcizZlH9Z+C8+RPNGygQIrkRutvzT/3wmLD8Ldo3j8ZlW4hrUM37QMHogaERwu2MgeNxjwCYQQunh9M+CDkiPfcsX06eXm9bdw309fsM+q00k0lAXiAjeMCQdnyOSVg0i3zLEH8m4S+cdpdkS9tRaGsMKOZeJH/jifCbe7OMM4PzCuoKIj46LxVw+QXksa4KAn5E9qTFvTAFa9m9RA53f7IPaCcFt2seP0KL5SqkGg94XRhkSu75bjnWWCqlaxU/Mmu1rYn6LKX41UYfvtcFfYygm6SzgVWmMfzZrruMMRMvpPaAzWYnP8zbnSfnWOMdkVei4YrRM6GirJee+GXunjrkUqV7kkFPHd4d04Y4nbyhXhBjuAtdBIjfxtlTAp+1gm3ZD6OapnhWgtLloDBmNwORsdd0Azok4dIOQfv63Cc0QVEOZZSMglFseQB1S8cRh/LEWKWgqwaZsQZYqR2r4kIdTnMf3KKh33Hc1Gq2zCSsHvwmn3ho5smRlgw0k3qGLCR2uRGzy/xeqM+EXE74K3DNC+rruOTThgj/ws/JADePJMbxBS9dGewb82Fq4i6/4Q+Keu98HymOmxHykb4oPrM+wxYz0ZztGjcMv2TW6WP2FoxAszisqtvQbl1Swu9BzrN9M2Emqp3X/ebibmt1Jht0l7RdwXACOiNeaTFZZa4GC2xC+1xkaqQ+Tikh6PKlNqRX1coCqS5EOVFn0j2AilAg3fEDb71FnLlc3LQCWW3EHN4Xm1PR4RoTaPYI6hB41aY/8gjmsgjuNCnIFpgb19vuRrpiqhe1QXr7AG+3LcOxnI3m3TocnAY2pz+7ONnUxrrVeGwRsaJjaJL04mVJjG/I06Na7HZq57bDAv+ovuj+dB/sxyJTxjs/SuXQ45hIrFzGKZhjB+P+EzWmFhSmygpAM6BwAplOlzlH4vEPr1N+ACe+bLbFBp9o4N+OJwlbki5SiyDdjhJm5ztlbW07qo9dbBUWARpWNmeyP45RnCHwi3bNM3h74La+DMTQhAQoJznQIf4aOYGLbv0b5O+sfwQQJul9nr8VeRhXDL08v92tcEYZX49mZJmJdjTPBN5Hs4c8bIQqYdNLZpmczDpekfPQJSSjaZSadzwOMeyMs8Qyh0frOLh0T4c2Prt5lZQzt0MP8YSPUtT4u8RPpA+sHwGNuxUAMj7uChxrn6uYDk36znSDXaclGsQzqrH+ax82/B2isz/8qQTqTev3wEk9U2KjwgtbyLChkXME/qa2vmi/dDFGtTeWNG/Pcs81G1FhcM+7DNlAiTybRTdzkNI5D/7dopR7v7dH7P+uzu+nDNoLO8xCtQ9vrRBPcMVkYgbeYsDBUnwkR31nav4ZbAcSgsQwxEUI9s9Xhh5ts9UmCzzB0RGbaqA3crBcF61ibzTJUDbUR86gECIWvI4P7S5/d6R6PmaSKx1d2fFaTFJksb79UjbYwqfJLDCfpf1AuKCML77qSHwXq6s5d8RUds9zNDYKjFwr0cVvdRhLGz/cswaivfcfbH72bhzH+4dASrtCrCfT8r5w3W9ETF0h6Cz7oEHsYnLkvjjuUMI856wH/oxFylKpxLwZ3Ev/FJyMarEaiZfp9eKhSHwxvEl5pkxXXh3ECMhSPLZMeM3CL89zy80nHw+IoCrYje5OMBGhxTBYknLSQmuFovDYphpfK0DWJnjP44aktNgiJ4wycuCnKCGL29UzmhOQ4dRWGUDoCSiHRk56MmGUdlmXUiZyJ2+AuHWmkibR/W/aBpp5xKIhMM4T/KscGKv+RndubyTghj+DDwFGxP5nGOSevLjzG1LbZ5clJYnqvAjCHXoRqOuQjpUcV5FtMnPCcFITD2Z2EdrwEr2ty/uZiLAK+DNIqClacPGwRlCw80w2PyuGTzE0OdzbufDDLEspsTeJ1fmZ9nyzyNGMZ7xmHUbqVtMzjHYKWE4ZmwKq2UoULWrIm/adAWHL0HVKjToZiexZ79ox6QObTqUBEIcrmI4OoPEML/aLIA+LKm4xN/UaiB/PIqLQlYR1l57wmqL17EIdZ/YCsffNMdZsOC/w0bSxv2NzQgZYFROQl3/W9H1VZIcSTM09wlozooDbKGD9vzrUOsGnBVciyrcP4NDutk18MwuW9ma1jSD79sEAci9BBXtdABG/7RPpEwAnSm808GiLMDLbhMYfMP2FrZlMgk7nARzaGGAbNzGxKiJO4/OcjH7HKOqcOeX0sYQpfCDpUt7PSUpabBk8tRdsZ2r2n02HOdcCVvWSnJwZqjx+Y1gRf0lfc4tjahUVJkSPojicn7E/TvlslVV/FQ7U+yyyLTIwnzj000DvPFUTr6ye0gow1OpvwVJD1A9joCc6mbuw7T4JDJOJ3Ey1WfFzVPpodQI/9AXlt3n4v9h0jtdTEg6E+fBu1rGIwWNVYO3spaW+7DNkE6yT+Rpcye0HgcN4he+UcmMNZTTfirDMDCO7RLgqR9FuscQhsXKmmEcDJA7YHOo2qbc1fhD3v7sR5Rl2fve4P/LYj6g0m/hBwkL52ar/QlTVlX2F2MQSrogCDSOEc8iesnAWCE1tSSu7NxwU/7AvLlQWuF3IjYrBSxYMPmJAUmEmNMWGOO/AOgPKJ+k+cGGUIMNsB52SGUBWuJfDaMwab4s1Ty3sLXPuQJoV5BRUb8g4hbMiz++RslLi0GmXSu0J6R3eWpc/PNbNs27nhgqLDdBt+f+DSI0nRFLSRLxTLxKm+Lgh/pe5XJREbsgshiyF2+L1BY3F4fZteIVg/xgGlAK/3jXzpCOAO9HLEsZk7OF0Ht3I3mgvK5GyYsHDY725/qB3ykcc+KBfQTOcm0uy3yk1zpT1HWjFmBC66bw8vcLjKiSIWcleGwO9AkIPeojVy7ZFlyBFiNtF/5yzbAwaDxokuk0sxYLEEyX8b2ThoORFM4sMHnoplc6WQcPs1AxO4j1zklAPu8mDh3hF9qXtBikWZDQm2w64pL4qoen9llq2j94Zk/OnvELmgdHDxRI5Cam04oT54gDG8QiY5W2O9i4F77FRPEgUvo81md42SJD9gQ2EG4C0X6lQMAu6A/9g+mOz+CyBBJ4Thtx6puYXoyV5aMWxRxFReE0xTwgDPeBzo+vuVMUTvrkZ9XuudBsmJWmojkcVxx0WIE28f0IiaPcvrdLPJimcc6eI24S1gcp0UYcGt+H05YiVhWx7DufNX8jJKVYPFwvRaKRz/tv7S5t0S7PSDmobV4IHuOQCX0LUzhbu08abBMnhbvx2fBirUmi/5NQ3bME5M1AbXKHBoB7rge291nZU7YM2s4Gs43qLTDipH7Rhd9G8GftABcaof9H4rArGkZnQbcPGXLXvoydTuJMiPRGywzmhdNi7oXLqjViiWXtkbF1FB2L/KfY3u4RgN/32+ccanaA69GWakxXSLRNo3U/bNg18qTnf/eIJ3qcgrOuPFTJZlCFMUFdpToyR2aj4LGAgxPWbG/rLhJ1fbOcKevpAHccMCMcQpMWWBEMKnLn48xXm77igPDhTLgpD9Z2pZryq+VFYwDZOJno3GxGjtiepzXNBV3hXxpRhTNmH6C0mqVwaGoMzBqebbAbkOdBo70uZCVJrV40momE5wmbTvJbANTx5v3ndLav1cU+bBZoQvC7Pc5ei1PMzvrg39m+QZQTWGdvqUZFN/Tv62MU5ewupbKCI4Ov8Eu//x8GbKCmgIsQlyjqrFt7oZqkZXZU+iO9tkA==', 1, 1),
	(30, 3333, 'Mauricio', 'de armas', '1313', 'mauricio@gmail.com', '12345678', 'data:image/png;base64,iVBORw0KGgoAAAANSUhEUgAAAm4AAAFeCAMAAAAL5GMRAAAEiGlUWHRYTUw6Y29tLmFkb2JlLnhtcAAAAAAAPD94cGFja2V0IGJlZ2luPSfvu78nIGlkPSdXNU0wTXBDZWhpSHpyZVN6TlRjemtjOWQnPz4KPHg6eG1wbWV0YSB4bWxuczp4PSdhZG9iZTpuczptZXRhLycgeDp4bXB0az0nSW1hZ2U6OkV4aWZUb29sIDEyLjU3Jz4KPHJkZjpSREYgeG1sbnM6cmRmPSdodHRwOi8vd3d3LnczLm9yZy8xOTk5LzAyLzIyLXJkZi1zeW50YXgtbnMjJz4KCiA8cmRmOkRlc2NyaXB0aW9uIHJkZjphYm91dD0nJwogIHhtbG5zOmRjPSdodHRwOi8vcHVybC5vcmcvZGMvZWxlbWVudHMvMS4xLyc+CiAgPGRjOmNyZWF0b3I+CiAgIDxyZGY6U2VxPgogICAgPHJkZjpsaT5jcm9wM2RiPC9yZGY6bGk+CiAgIDwvcmRmOlNlcT4KICA8L2RjOmNyZWF0b3I+CiAgPGRjOnJpZ2h0cz4KICAgPHJkZjpBbHQ+CiAgICA8cmRmOmxpIHhtbDpsYW5nPSd4LWRlZmF1bHQnPmNyb3AzZGIvVmVjdGVlenk8L3JkZjpsaT4KICAgPC9yZGY6QWx0PgogIDwvZGM6cmlnaHRzPgogPC9yZGY6RGVzY3JpcHRpb24+CgogPHJkZjpEZXNjcmlwdGlvbiByZGY6YWJvdXQ9JycKICB4bWxuczpwbHVzPSdodHRwOi8vbnMudXNlcGx1cy5vcmcvbGRmL3htcC8xLjAvJz4KICA8cGx1czpMaWNlbnNvcj4KICAgPHJkZjpTZXE+CiAgICA8cmRmOmxpIHJkZjpwYXJzZVR5cGU9J1Jlc291cmNlJz4KICAgICA8cGx1czpMaWNlbnNvclVSTD5odHRwczovL3d3dy52ZWN0ZWV6eS5jb20vcG5nLzQ5ODkwMjMzLXVzZXItcHJvZmlsZS1pY29uLTNkLXJlbmRlcmluZy1pbGx1c3RyYXRpb24/dXRtX3NvdXJjZT1pcHRjJTI2dXRtX21lZGl1bSUzRGdvb2dsZWltYWdlcyUyNnV0bV9jYW1wYWlnbiUzRGltYWdlPC9wbHVzOkxpY2Vuc29yVVJMPgogICAgPC9yZGY6bGk+CiAgIDwvcmRmOlNlcT4KICA8L3BsdXM6TGljZW5zb3I+CiA8L3JkZjpEZXNjcmlwdGlvbj4KCiA8cmRmOkRlc2NyaXB0aW9uIHJkZjphYm91dD0nJwogIHhtbG5zOnhtcFJpZ2h0cz0naHR0cDovL25zLmFkb2JlLmNvbS94YXAvMS4wL3JpZ2h0cy8nPgogIDx4bXBSaWdodHM6V2ViU3RhdGVtZW50Pmh0dHBzOi8vd3d3LnZlY3RlZXp5LmNvbS9saWNlbnNpbmc8L3htcFJpZ2h0czpXZWJTdGF0ZW1lbnQ+CiA8L3JkZjpEZXNjcmlwdGlvbj4KPC9yZGY6UkRGPgo8L3g6eG1wbWV0YT4KPD94cGFja2V0IGVuZD0ncic/PuHLQGoAAAAldEVYdGRhdGU6bW9kaWZ5ADIwMjUtMTAtMDlUMjM6MDY6NTcrMDA6MDBSqfTYAAAAJXRFWHRkYXRlOmNyZWF0ZQAyMDI1LTEwLTA5VDIzOjA2OjU3KzAwOjAwI/RMZAAAAGV6VFh0UmF3IHByb2ZpbGUgdHlwZSBpcHRjAAB4nD1LQQ6AMAy69xU+gbW0dc8x0yXePPj/WD0ICRACcl73kOUDIbZS2bmDxR9ttAGNoxLCUmMmzIKhOj3Cq2Op55b9XQJSrzJQHvNMFHQVIcuPAAAAnFBMVEVHcExEdsVPhNlUk/KJoM5bjd9gitJljdJpjc9ukdF9mdFchs9ohsFlkN1Oe8hGeMr/+Pf/9vQrfewqfOoqe+gsfu4qeOQpeeYqduAtgfEsdNoocdb/+vosh/0obc4oc9///v4vhPY0eeIoZ8E6gOo/kP4cd+z47vBXnv4oYLI8ft1Die5tsP5MeuPq4eixvNwffPXS0eFpnO+ToslxsmB9AAAAEHRSTlMA/v3/BtqOUjghEG38trbgvEzjAgAAIABJREFUeNrsnVt32sgShRMIF4fYQS3JIALxgKUFsbzAOP//v52+d1W3cGbmnIcj2Nsex3ay5sH+1q7aVd3i0ycIgiAIgiAIgiAIgiAIgiAIgiAIgiAIgiAIgiAIgiAIgiAIgiAIgiAIgiAIgiAIgiAIgiAIgiAIgiAIgiAIgiAIgiAIgiAIgiAIgiAIgiAIgiAIgiAIgiAIgiAIgiAIgiAIgiAIgiAIgiAIgiAIgiAIgiAIgiAIgiAIgiAIgiAIgqD/Y335enc3nU4mk5mR/Gw6vbv7+uULfjbQ/5Sz6WQ2Hj88jL4PBi/q/WVQ64/fR6OHh/FsMpXU4QcF/bf6eidBM5jVrVUzNG9tY79RDwYjDR2Yg/49atOJJE2BJkkbSh0O74dXqoPScGixG4zux7PpV/zgoH9cQKWrPXwfvLy8aNIOHLNYCrqmabcSS4nc5A4mB/0j1sYPEjXjagfC2kG9eckv9HeszTVNs91ulcuBOOjvSrL2XbPmYDMaHlTDlmjYHPy/0X+92UqTA3HQ3+vXnK+pZKBokqVUQtRuNputJMmocp/I7ylR/jaN/meyrI7Rx0EfG9uDNba63rZbBVy7IXxVnjOmjWFuY2BT74a40f0MFgdd6thmD5a1qq4sWZVmrKrsB6eEt0Cdl7M4AAelsE1dx1aXZSmJMsz9Wdsq8TlGHICDLsD2UgtRCnEZNEOi+iSBrvLN3BbAQR+WUQtbkQvJW+mhSmHTMv+kdF+zGruxFqex2wI4KAkIs5GCLS8sbR2cWdQMZ0I4KEsCXEmburimSuDu8IOGPn36OlEB4WUnYcslbsqzKuEZqxhWpSq16r9S8xZhR5u5Sjrbm3wnwM0AHOro9GEgaZOoaWsTmprSvFk/M2wRYxMitwZnoIt5syZnmjgPXNveT1BRUUeltRXG2nxZJI2Z6JJv8XxhFaUIPZ03uTdWUlFRb9zaJtracldHrbXRAmrxyqmt5eKiXIbwRVXb21uoqBMsGm7W2sbK2nZF7mlzpPmWTMOV5wyw/APcbGdXGYvTU2KD2pvlrYXB3WrXdm+trcjzKGqar4Q1twivXMl8zOO/zIPH2RbubbMN/qYrKjq4Wwykumvb5dract16kWEH+cCJyp0EQS6YXh6KapiMbPhcBB3cLRZSHUgL0raFIOoLqcWNMkVwi8mLDc4BVymLo5HhfopfwK0VUj1qs7TZ8mdREzyQOgPkuDEVeaitDjuWUtngFwX11hKpKaS2bSNjDzPBFYLylhsqHWoG0U65vk7EBlfpihrGIu1ohoR6U23bjhfSio8+7J+5dbRC77ccbQV3NRHjZhNEyaYi0WILCfWm2rZdsXMlkq6owmbKghZX0EIrZwYn2N964pxrmqnINi6o9+DtJmgzbdsinX+QKqr+SOOB9jNNVFxPQ6XN7RTPjOBKNxTZBuDeEBhuRzokWI/KRbSAt52b+cPjVrBMQIppQWMCzap5vGnwHRytp6MJfh03E0kNbRXbsXcvSLm9FfEn3cMRvl0l55NCYkBAvXpvGwXaykQX1lKdtIXaWaRRwX0q6JglnfmCtyv3Nk9bLngepVOQbtoKFxR4LtXBgRDnvnC4hS0DWduHDQN4u3JvKzxtVXwoV6QWx1uyaAxSkHAQz3wFXXGZ/3XHQKQBb1ftbTtTSU3XluAW3C1dWwk25C3IVCQNqrSe/iEwgLcrzqQ7W0kFu+MiLvdurCEL9uahM0M4HlFJXIiAizZab8inN0GbHb6yc23hwFFyqoigZKe8rqRa9ojXFaG/Ex1LrbSgNiPM365Pd542dfzR3+KjB9vo6d2cR4WiYGnBF1ETTf0XFLZkJlJe4A3z3iukbewzqbuRYNq36CZfemKXjjwK5mG2tDrDy2llpaU18NYdGBrss65MXz1thblIyhZX/tB3PAoJjRutlIuF/4wV0A53M9aYd+DGD8DhfMhVhVJ9BmRhabN3Eiq+J3X9mzuXSxahOeFssVg8Pi6IOsjrCKmC3BFM4+lwDN6uSBNN20LZTB1N2eimNKfHwJmpLQxmnTLIBfK6hyJ0h5rO34YzjEOuK5QWirZa2ExKpx/2cnzX0sr61uJRwbaUelo+eS2XEralQ444nW/o8qIDuNC+NXTci1/TFYVS3bgpb6uqeHnFRiAij5s142qKtKcfP36sdoPBu9ZwsFtq5pbO5B5ZKxfyRCduup42OP52fY3bmNJWpg/+CE//EDwaaMfSprZc/fjx8+dq8H46H4/7/Xye7ffH8+m93SnirMWFukpbuTyP7wiSdNp44Bq0b1fUuBW6kvrHzFTRojRE0lBDTbemK6iG7fPv03G//otqfTy/ttzibGpYJLEhdIc0nnreti3at+tp3Iy3leYJIHVYX4nk3pWbrZlksFxJSdaeP/8+7zMOm1Z2PA2XGjjNnGnhQhsXFl5kfmzjKfe3FtuFq5m46ZhQ08d/sEe1sX2VtTbTsa2UsT1r2OYKtrV9+2tNLO5kHU4B50KDysFhFByWWnSdxewN095rkLt1ldc1fQBlKaKtPDnyUfgqalq25+dvJ+lskjImQtz5femACzmVbbrU/57SFupp44HDNKT/pdTQtisUbXEepTsEGhA8bM7ajtLaDG1zpbV+k99S39Xan14sby4yPD6mYziy+mf+ZnnbopxeQyk13lZHj9JiN5e7YdNN26/Pp2O29qhFch63PrdP1OBcbCjYgfP0vozBrXHlFOm0/6lU/r7ruq2qqutqQhlWowlsljZVSANra/JROZwzuPPQ82ZLahGdVmLLBXdfhvE2nOFX1vcBr0qlbVtXnTdhSlpJ/UTX5FFVSC1t80siBVXzplkzvPnujcx6c/IQuBBPm4PlDWffej3gnZkBr/S2bWpupSj5kTZmbYS2+Qe4Md5a5m86n4ZsWpD7zoIt69tG8maHb2Okhb7nBFErc6vSzo2cpnSV1MFmaXvWtM0/VqinL4E3G1Dj5YJIn4/E7Q27057nhFy9dt+Fzs3M+S1tj5w22bf9+n3MMkqW+ypj33a8rU/LyN4WRccyK7hbSAuONxx963dOkKW0kzY7BjHH2mhICLQ9//p23jPaHG4Zx80Hhv07TwuPgTf/tKSus+TS3ixv2yHsrafmdu/MbdhGTxNnuIXR7jIqpbpx47jpd2JzEW/nsF+gcYHX06icbk33ZnnD0ZBem5ulLcWtDE9CJZXUxwSFmyyll/q1LEsaOF1PX5ed0xDCW2Ef5cB2C8beGgxD+m5uoh42ytzCKV73KU0JBU0JjrbP5+xiSsi6Jr5SR2pvS45bfLyX8gZ7u1ZzC69nRXfyEW7P2tz+GEpTf6NpYRmGbx3hVPDV6cHxBnvrr7lJ2kznVkXTNlpK+XjX7K6suWUfmVrWMQ85tvEwJHI3IfiqvozLKeztqswtOijujrZFOUHG0mNSM+NEStdaFrf5K8PNr075ud5cxEdDJG6vsLeez9yUuW2ruopuJ/DF/ILnBGtuz6d9bGYUtiwEhjWzt9Mu6t64v4XnccUPfvPlFLO33mlqzW14aKvuoVu6TeCxVNbSFLd42HspLES7LIpbeDoSuei89fameMPsrWf6MiadW111njzKA24LZm6ulmbWxDKGVkZMLpm+qdXCO8ft8cJmwdqbfmJJaVcLyt9gb/3TnTe3oX8Z+Sq1tiiWEnNTuXRNZrsKsSxU1MxAl2Udu9PTE82mS4YbezgSTQvO3kw5xcGQfmnmzE3W0rqseD2NbyYkCwXbuq35NoF0bplXxyjkvIuqafIcLnbM0pdTaW+v1t6GOBjStynIrigqaW5b93rdaTk1lTTalvrW7ZQRdwvbKxIT0pxqmrc6bt7ip77xlz/l3ZvmrR1hFtK/oGDMTQfTioXT9NJV90oh87kz6xyKJPam9/Stf6iDtzeVF/IO2kq+OT14e0NY6JHMvfm6JeYWLxZyelw8oU3hxvzMghU+BHcjzOlquh+muJEzISakkGJKHxry+qriqbq1gGran6Bwrx+vJYNCY82t61ZM2JaSzs3j9u089/FgnjneeEEloYHgNlfRdEVxi+5k2cvN0UNUzeLU2htOkfdIZqMg2oMauqkxSN11bDwv0qtXZsj70+OWuSFI3KUR1Ki5re2ht9UqGoUsWFRgjyUvg71J3JS9SdywWejV0E0fqzzoBZa+FJPusehFvwg34m4OrazjCFLWjdv8nRdTe6c+fmAIO/nmj1mGaorRW59qaVGooFAr2mp/5CguprlNCp3FNCO4ddhbB2/B3SxuqxXZ0y/Iq5+yp5tHi9PXV1TTntbS2t7340tTOnWLcbMbU5VMSe9GogKbviW3FkhUWHrc/K2FvOvGKbW3xtjbpmmQTXuUS1Ut1UO3Wh2s7D4QEu3nVytWTD+fo2VVlszayGcdS1MFnMGNXpHxr2OUjEOIvclq2gyRTXs141Xb+drQVjN7C48V56ePbC21uP067cmkI0sB65jyGtzO9RNt3khSMK/Y659F3nFrwVfTpvkPe2fa07iyhGEFNHPv0XAlL1kc24kPjhkDgYSQ///fblf1VtXdDsvMh7TUzeyD+MKjt/aqlOmNKcfLbKlpGF8452BIJqTmvtvTebSBaSAuJV5bznE7Vm7ejbWEFP7VU9uHBLiJh/KWrGkcrpuql4q4FLYerQcibbRWWeA1SFNU8HA7WFELRQmTHUgvjriRFiS0ouUF3JTzBvJ2+zN9K6NJg2AzyKBHYoZFuEBfBrqPVN6NhabhUaxwzXR8bwhuZmMvIley+4CFa0yVNQV5E7+nVEg8aZASbaksly5I+1HhL6pchnHbHccPeFO9SETuWtzc4OLmjmMFB05VG5Kxpg+PyXmLynW7lVm3xcK1pqwhxCsqcGuau40gnvumy1m5pK09iq/AjSkfbvbWbzHc0Jqi8/b4npy3GFy3O3Td0JZiH+86sGncGNPV0g4qqKVuGjfY2OCPJwSDBWJLD2BLG8d1o4kQd56e3i66N/ImnLfH5LzFlHXb642V/i0Fcj+BdIRU3Jo+HQ/jZJrNgS3XBfpW2NLGiUv5Yhp7S8bvQkrOW5xZN2x1GxYDptzcfhB2rmPldyAReRsJVEzIOG7ScQPaRKDQyH4QNzAtw5cW3K635LzFFSn8sJGCnImZWLWlA9O5VzTVuGl5C/BGTCktmLYjBApNU9cUN7IEiU3/uV2Wa+a8PTy+p7JpFJGCzrqR6nxQ3fQxP1/dpDW9Ox1GJmIhbdP/CbTlwnMDdQPeAkuQSnNwl003692pBrdHdN5SrBBJkreXkYLcbe8PKiw4btPW9Ol8OgTkjShbTsdi2nw81g0eavNwsw1IocybrdOnWCGu98vU5wVuIG7OmALr5bXd4wF5g7YQbU5t9y7LgOQ53e+WjacbELcGu3l5FmQ1d05OFua0h4PbA4kVUpX+2iOFn7pvfC9pW/gH/ooF2zZOciF1zXMhxpxm+hfW5sY7K7MRTangTWibwg2+uMGt1PugNWvest4UmkYamGKkgM7berFeTO3lnXuzWPqegvLewJyOVs4Ud4GcG2jb4dxsQdtMIoTk3FY6QnDWvBmL6lTpj4BbCk2vPjAF3JaljBQgExKKFRbq4HxZsFOStS3TG3ljvHnPRBCobcd620h506ecvetYJbemRRA35byl0DSSPMiqULiZClbIedP6trKTzXXlem+SNw+4LGcFLknbM9KG4kar8wS3wHX6Mtjz9nJMoWkUgemP514HpmtZVgB9Gyb2u8kWpMA4lkmGIG9c4DJiU1HcWhGTStq2mHUzuJFekDK4LzWUeTOhacIthjyIwU328gZdN7lfTS25lxZvKjoV8cIRDOp4wZyO4+ksLOlWW9LOiJupKZSsWsr20pR83HRvMiHvafovAtyWpmIKsA2Lie1uBjftvE0keyVvE8CBJR2FtN2Jz5aWtHGK80bcSrsAac6uhZfudLMJTVPiLYK0m8Ft0Iu2Bhe3BV9fidaUbYPmvD2dj0EPDlJvArbTebZF3IC2ugseKZJXsbTMMWNa8sQbxS0l3q762Vbevc7yTudB6I63ldv41jB7+nR3RoVzJW4E2FDaNG4y47Zcup1HsnOchAx0sJnjtkl53qhwm8PSykH28g6XcKM73vxlIYw3BA6JGxE6/F2wdjrfbXcStkbDZnGbe7gFUm5OnvdeTmOlPG8EWV5ZVDC4DaqoMEwCV5rGoLmZWqigLKDtqQVuhsQJ5NQ7nY7n80z8N8C2lVECg4038RpxK818s7PmjWymSbhFoW6Y5VW4Dar7KHw41+JWli5uVdVZfQPeFHBC4+7O5yO+8/l8p1gzYUJNFtwHeNOUzb3hGHcaK6lbVLjp9qN1ODTlvJEhmSXDzQC3JcBJods9wfSMpo3UEuwtet93c1NvxeQovcItVbGu3JhS3NCWDiF1c3FzV28xB84AJxFTwAFpVtlsLYECZ3BbUdpC/bzFwusJedxsEm4x4LYC3AaMTM3I3zrUzuuqm02+IW6dAU4RBx/yx1ajhrRtO90w3nm4qeVHjjn1cWM7oaW6Jdxiw03VhoJX6On6BAubpE0uBOwMbs126jUySGgatrKSA+ffCKfE0Sq9VrdkTKNw3SRupYPbRPu4ybvpTUiKNPWwL1eyNk0bBqVb/YkdeybXS724Mvjcfl54Sd1iU7fgqAI942GjUgEbIFLT3Vv0NTPgrp7NmtlW/JRhxAwDCv76Hn8VX6aXGvd7uVoyjZvijanbY1K3mEKFj2hzQoSqa+rn23eV5Phr7/zyvp93lRelOhOAHLeNvlaUcIsAtwrzbsOENSUzpmruT9jQWtjLm7Ns/JDdkm0LbeJjbgsI+h1G70FlS34qFlJbbCXHqQascb0PXZA3e/7PxAu6JUQu6E24xZB3q1YWtyGAG9E1jA1gYeUNsibvyYdei8MvLZCkJmHM+xfGmfFH+GWH4/uq8/O+IWvK1O3hMR3SvXLcfmrc9sOroK24QJtetdVsd9vzZdj+9B2O+849NulkRYgx3RtjmqoKUeA2EHUb7M5xMhBjlwhut7vZWcCWfZM2FDilbe2UzLWn287W7W2NgR839Xy3hNuVP4GbkJFBq9vAlx7Z8QRVHq3hdilMk0rYABdiJsnMcsb+bi80T76W7LPEjb23HduHVNq508JJhMjDppvUgHT9D9orFW5S3opBXXHUwzB26RGuGd/tdkCb8c/YUq3wmq1MzzkHentZn2+eE+JO+44ssySzp3Q1je4IwbumCbc4cFtp3BaDbraAqqQeTbBt4jjfJyxpq2Frp1QrZ+sqPbby0L+wjb24kZxfWdDWlKmbwW2Tmsev//3nzqibMKZDP7h7GmjTLtJ2dwLawFxeMpF5RvaC0A34/jigO7Slz+pmL0vAzVkOzbK8Lm5pNObK338Rt3KvjCmJEexlZo1bIx03sKTtB76YVDWmX5/CTX2m5O1w27m1+znp6rVbGx6EKQXc0q77q8fth8CtmiNur2hMRbigQwQ24FcpcTvk2pBe5M1ZN567Z7GC1tUss5H29CikjbVf2th0QYsKt/IkfcLt6t8/P26EuvVG3SA2tdmPJR3va2ScIMTNum3Tvpu+Rs+39X74WLxw2P9WuEkfDjYN2iFAG5hqdUtn2K79YRULnbdBZ0Ls8hm+yU17bsKrygxu3s5nypi1l0F1u4BcJkPfF96fZO1pwdJuDyhum3SnKIo8r/h2Drf7/auUNxmTGsfN9uqiuJ2FLSVptjZ0PEFxlnkhQP75p+4XLTtmTm1wSgexlLhtblOWN4Y8b11Vz8p564dCHZ5ntFXmst/5kHni5t/qmHbNvoYb5EKWnrhRY3p/vxfqBrjdb9LRvygyIZWKFUDeCviYF+xwKcmCCNetbXPtsgVpu5T5+Cpuh31XdcuK7VHlJVNUNylum3QV6/qNqQxNMVZ4fUXcivkgF9qzyRdc4fY0k7hduHr1CRftMxxK5w0u65IT9St2ob4weRDETahbCkyjCE1rESvsUd2EMR3mqpbQO9dhQNxmp7HNJnHLzTbey9B9KkT9V90Nn8CtdHF726fANI7QtAZ5A3V7RVOK4kaGrHBrIC5keLqEW2YjArdg+g1HLjNn6itvZY0JFtT2SmlL9ykwjSM0rcF5U+rWC3Gb9/N+6cyQKmN6CTf3bkdGqljfw61F3JbLii/uteKm8m4gbpt9CkzjiBVqtKaobsMwB9po8UoufMZIIYhb7pSu3Csx33xK3SpFG5U3om7SmAptEyFqihQieCJWqDEVgnneXvhuw7xHeav44VLfd2udHK+mi+KW/xFutyIyJbP2akOSa0wFbW9v9/sUKcQQK/zvRtBEnDccQOlpzg2Bk+p29NQtd/7w5aDggjE97O1mBx4rFFTdALd1ihTicd6UNQV9Kwpw3WDgqneWPe+wtTKb9t30rZi/8bJ/A7gtOW6SNggTNkLckusWxfsFzpuQtwHVrYfcm/iW6shUH0+QkSkUsS6ECt/HbQzidnruGG+2sGCzvMjb/Vty3WJy3hC3ZwwWeqFvMu1GLsPIyHT3dD6M/FCplwb5OnDBpdGZqpnyPUkCN7T11Jbeg+eWXLeIMm/AUzUMKjbtS9p6RNVtBydyg7jxywnf1jT7763sCKG0YazAagqA2wbFbXGfsm4xOW91NVe4Qe6tX/amqGDUbSdDUwHDZFnhc+26U+SNfh6E42ZCBeu6IWxvIlJIrlss1hSct0bKGyZD+h6zvD3Ng9RS3WAMS+PWTuKW/YnXNrJIweJG7tSXpB/kHo3pep/mFKJKhYD31r9iE5IITInrZs8Q7aTzFsaN3839sv0MZN3aU++5bho3M6iA2vb2NqQ0SFTWtKlrYUBfMTgVb+VGpqoBCS+Wjvlkq1vOq6WfRW4MVkxfOo6buWFk6vP3m/vNmyBuPSRbGs2DOlYjrKnkTYhcAda0X1a9CUxNaDpDa5p7kzF20u9vJODAlraH265z0rxS30qK2xvEpYtkSyOzpogbpEKAt37V075xgpuwpihvLa3Iy3jUjMHIqb/vFxQysKVtduwZbisz4kxwA3ED3JItjc6adoI3aU0HtKZVTyJT47zN5PGhUCsIz7xl06Z0/Fjc2uzw3nF1M0tUIRMicAPapOf2lmxpXLHpDJw38U2V8lb2c+G/VbjC1MqbupdwPnm4yXpCnn9E2mcjB1h0k2NJgeG2MrgJdUNxe1ujuBU3yZZGlult8PZer9WtX/ZVX1e8roDXOe6kvLWOl5Z9p6ttStzgnPN717mhgp5W0LZ0vVbilnK8Ub1fd7C5WbhvlYpNQd0Eb+LDiRV2T4682VE/C1s2KXDjJ5ROhKWCtuNz13mhgimZKtze0JguhnRZMq5g4ccMVoNXUt5eITSVuIFBpRdLATcRnDq8ebFo9qkmpHGq9SjLR+W5scMLpB9EVrCkuP1ep0AhumAB5a2T8oawLfu+lsQ5mV5tTtkkc/blDpApoWvbdhzHY915V7NW1pau8Unayv+3d27NaexKFC5wbcAhxziAZyaaU0yV7GJOoJw48f//b0fqbkktzeDtxHs/AGuNTRLsxA/5avVNFxQKZ1cs/OWvPjDuv9dG3sjgitqUeHvkZkhYb6RPZ/h43uZo+9L3P6fqdo9sX/MmFgqSuO0fplgMcm7Fgthb25nnxFuTlabJ3iScfsnbIB9YvZvM7p5o+/6LL2mLuOl7ZApze3nCgeNnpzkXC12b2Vu+wrItw2kELWu2fagN8l+6rf7VxEvaTMRtW+Am5oYuyHn2QsTeOHt7TtFUuVu8/vs18JY2M8cs7v6tDu/fzE3vibYflq3NdI3gpvYpSBfk64Pghi7IGdubw80U9mZUbRrsTXjr80Hpn1YNCT+m7dCKtQ320PNSNxVK95sDzO0s7W0SsjcVTuUyhb/hLTuPpjwJ6bSj9SPTUk/btG315ZOysjKe7kaFwleGbb+3MLeztTe6a5TDaeAtG9SrcPqY+Zs6N/DL/XjF0OeLdvvR2XygrRwoqLNS12sxt71/1oclWrxna2+eN8PVKY2yYi9kyBv5mwLuT8rSflgleNpatre0R0Foo8UgfFgD1aTO3NZ3MLczt7c2Zm/qHKQinDJv0eDuf3MIP9bdve85b6Ob6o0pW7x0j4fHzcH24GHztG2RuZ1v720SwmlsvsUtMnn6Jv72+Qfz1n/5SO8jlaT9z1ezi/c4Z2vGU+rmcVtT4vayry3M7WzlRwvEW0vVguXZaVjW20TcCt6+v4u3fryvG9/21vbzl7ozvFjmFvsgD97c9nvK3KpnDBTOVn5yuqOb4o2aLRR7ZHJ/44D6/bcMTiEW0z4Pm0vb5Jr6lLhpc+OFlZ629Z4TN2dumJaer27/46PpLptlcTi1KXmTciHw5gwuRNT+PZj1w62ldKmzszYOpB0NFHLYtnqA9UDm5omrV1gKcs725qoFtrfWZKP6KlsZktWnIaJ+PwlcP9pwUxZHcfR1Kj/ZLxRQuKntfhltThWaIOdfLch/equbbz6e2rTFuTWZwU1eI3B9ESn7N3tvwpq/gD7A1hFuaR1I3OwnidvD1+Bt+z3qhAuoFnbBZZ71MMs2I/3eaHAeOMnhJI3rTyRsfVYsSBhl2HahBWK6obXxGYIPztrWbG0v++0KdcK5axnCqXTfnsMRDnn7LRQMCTjO4SJx/KSPImtj0tjYXBh9DD/T/VTT5bOEfMn4w5qrBFcnHLBk/ELCqSRROp7afFt925bAffv8GquGIE1dH17Dl9jYHN6Pu0ibMaY8FCQNr+iohr3EUrTcLiOc3sVwWpQLtjiCKwKXE0crk/rTkpk++ZpijdptBW2Utqk1vD6WvoTEDaH0gqpTbr9Z8bdK3G040SqBc1E1IJcmW72+989bnEPNs/aoYJM1RxG1aG5yqBvRto6JG6rSiwmnnrc2dXttyt/GgSuJc8h9fn394UIrp3NR/g3H2asjbeLnrjvlbEb1dtWNubUeQtblAAAGmElEQVQc00BlwnojLZAXNHgvqdkbeGvzbq/NkBslLiJH2E0ceFoTwuzbt8cMti6sphxDLe6bXyfaXOKGBu9FdkNSuVBXhcG5qkEjt2PidgVypSJoAjTvgTFd7msV3SNSq0NBNG1I3C5K81VK3wJvdbC27LqsbKWIsjkyOr9HkAhjN3vkVC3A1gbYjCnPF4+g6Y3MytuQuF1WucDdN+VvcboQcBshTiEXoBtT6//drk07+0x+3LOKo9ttOotXeVtlZ0jcLgk36b4xcDalb5aOTqjkstMMuo536nnsPEsdOx2T18bYGXK1uK9Pnb0bL+vI1xwJboo2g47bpZULd5MsntrnJgBnJatKNldlxAhGEirTC73V8VDUmJIz7W1VZm6bkjZ7hzLhsnmj1ZadrxekRg0hb4w3MTvqbHj2Wo6YnjHxv+4EaXlFuqVLO/gaBU0bitILjKcL4a0V3txjLAPHPV/pwSreRrgz9EEvndzeNwyfYRpfNkDC1fP++uhAW9OgKL1M3v4q/U2PT4O3Rdzk1xNmN7Qz/bdU7yMtAqHu7raoEmpHG4rSi+Rtzu23OD+1aXzK+ZUgUg+AEZyGETNOqKpSwdDUpcxE2ybrt1XNCi2QS2+/7VI8ZeJUcRpfIi7KthgxwS8Z35C08Jm3QDZF3lZVBrRdsr+Fdi/P65PB1TaFPm1N8qYGqsRrQFuV/nKBmyRugbYO3nb5vE0Sb2Rw4m/DMFjngfWUEm2ZMWawqdXiG6Gtg7ddQzxV/RDPm80GDAPedP93EDDLsmCA7FhVGmDz3V3Qdj28MXCNLdcj1fUYbnXeB854q1O6VuBWDXK3WCQ0jjbUpJevReJtxwaX7K2pbJWZ0pYaGPLWoL0xqA7iW6Gtmxa4cZ0QrK1rGrNagLYr0G3ub5TB0WjBNjZfKVTVQlsd7aqK3bmhmY2+k7bLb/bbEEddfWswuboSfZqFhkjI4Ez0t3xVkjhUzk9ZgOq5aPG1LbujdNyite09bZjKXw1vy9VEd0RcBicx1UXTcjCQB88yYNZlU7cwty0f4uZYq4O17WuXtmHF0VU1RHSBGoEzdBY+O1w91k1LKVtIzoZDBDW3kvxNaoSOYOuqukFJem28pQRuF3iz3bOxnW3G2x7FTLWuyro1NnfjhTARue1W4mjnW7vGpW2g7QoDquLNX2fk7O2ZL/sYo606MarKVodr3FT25iJpQ7z5GmEyQ9p2ff6WAmpYVM4RtbHR4Jo3cMuCZ13lQ1J1FMiWkzayNjplf7VE2nadHZHZSrdE/J6WxjJvvGwtMFdX+S6aAW7D2ZdslvfOtnfORk/lrQ2B9HoD6jxr+dKZ+I1pxOB4Se5wwcdwQVs5i0h/ctZWuYfK0cqZJ6wNBpdv3DN0h7hNi8BP4FaPFhO5yNncB323hbUhg/MGVwBHq8GtPCqsvrU6ZIy1mmKo9E5cHXI3h7Uhoi45orZxFzzvqqoadZpMiqgnYuuYsVEk5VzOGhdHUZBCvgcnEbXdxX3MfE6WP8G3CriJy+WnMFRlHyQaGxUMMsTysM0QRyEBblEAZ2gDaTI1WTOe1Q31yTC6Z972RJvfympWSNqgAXCTZHB+83wTT3DONr80evnRyOK4tFt+u7UMG5I2qEjhCLhWLm1jNeXZMuVMa2hrYd3uer21HjYD2KC3HM4RR6wd7OEQ7gfMqga1AzofmvK9HE9PTxv3SdcLmonL2QAbNK7b5Z0jzrjHsRaVTsWXjX/xTIY4xHKgecSO7vE6WIbtbnmLnA067XCf5mRxjjjH2fQ4vTneHI/H6ZGw4/s/qqaKp4hXzNnRi7/1eHw6ONwOdoIoCr2nL0IWN5kQbzdOv25IR+LOwSQfR6FMxN/lvn6gIMrGBm+D3pHFReKmU09S1A0/gUD3+1/xqwLbgVhzGRtQg97vcfMZIeeJm2rihvqfexxqU4faxKE2W6I6gH6XN0ecMzlGbsLMjVJ3I6QRas7WUBxAf16rLpzLcWT11HnsjuphzCZE2mwO1KB/IrAu5ksP3YqxU3Jv3TnQlo40BFDon9Sn29vFYj5fes1m/nU+Xyxubz/B0qB/1e7Q4oAgCIIgCIIgCIIgCIIgCIIgCIIgCIIgCIIgCIIgCIIgCIIgCIIgCIIgCIIgCIIgCIIgCIIgCIIgCIIgCIIgCIIgCIIgCIIgCIIgCIIgCIIgCIIgCIIgCIIgCIIgCIIgCIIgCIIgCIIgCIIgCIIgCIIgCIIgCIIgCIIgCIIgCII+pv8DSglIfiUeLpIAAAAASUVORK5CYII=', 4, 1),
	(31, 1222333, 'Anderson', 'Bedoya', '3042100573', 'anderson@gmail.com', '12345678', NULL, 4, 1);

/*!40103 SET TIME_ZONE=IFNULL(@OLD_TIME_ZONE, 'system') */;
/*!40101 SET SQL_MODE=IFNULL(@OLD_SQL_MODE, '') */;
/*!40014 SET FOREIGN_KEY_CHECKS=IFNULL(@OLD_FOREIGN_KEY_CHECKS, 1) */;
/*!40101 SET CHARACTER_SET_CLIENT=@OLD_CHARACTER_SET_CLIENT */;
/*!40111 SET SQL_NOTES=IFNULL(@OLD_SQL_NOTES, 1) */;
